name,email,order_number,thumbnail,ship_date,quantity,product,total
andrea blanco,andrea.blanco@example.com,1424937127,https://randomuser.me/api/portraits/thumb/women/70.jpg,2016-01-13 17:36:04,8,Tickets,$431.86
kaya candan,kaya.candan@example.com,1074016975,https://randomuser.me/api/portraits/thumb/men/79.jpg,2016-03-17 22:33:39,1,Tickets,$880.19
elouan michel,elouan.michel@example.com,1293250627,https://randomuser.me/api/portraits/thumb/men/40.jpg,2016-04-26 12:14:30,6,Tickets,$233.28
luis iglesias,luis.iglesias@example.com,1241413504,https://randomuser.me/api/portraits/thumb/men/62.jpg,2016-01-05 20:31:17,1,Tickets,$70.54
دانیال نجاتی,دانیال.نجاتی@example.com,1001951357,https://randomuser.me/api/portraits/thumb/men/51.jpg,2015-07-24 22:21:19,6,Tickets,$266.58
phyllis johnston,phyllis.johnston@example.com,1437779240,https://randomuser.me/api/portraits/thumb/women/13.jpg,2015-09-23 12:07:41,1,Tickets,$700.27
charlene byrd,charlene.byrd@example.com,1235747134,https://randomuser.me/api/portraits/thumb/women/77.jpg,2016-05-18 13:39:41,8,Tickets,$141.60
joury steur,joury.steur@example.com,1014247147,https://randomuser.me/api/portraits/thumb/men/28.jpg,2015-12-27 06:21:35,2,Tickets,$90.30
barış alpuğan,barış.alpuğan@example.com,966388330,https://randomuser.me/api/portraits/thumb/men/28.jpg,2015-07-04 21:22:56,2,Tickets,$215.68
aras den elzen,aras.denelzen@example.com,1208111605,https://randomuser.me/api/portraits/thumb/men/39.jpg,2016-02-20 05:16:26,7,Tickets,$123.54
alfred witt,alfred.witt@example.com,1246990186,https://randomuser.me/api/portraits/thumb/men/41.jpg,2016-02-04 17:21:38,9,Tickets,$44.90
helmi neva,helmi.neva@example.com,1198363476,https://randomuser.me/api/portraits/thumb/women/92.jpg,2016-04-06 22:51:53,6,Tickets,$41.88
پارمیس نكو نظر,پارمیس.نكونظر@example.com,1348225211,https://randomuser.me/api/portraits/thumb/women/79.jpg,2015-09-29 23:36:17,7,Tickets,$426.86
everalda santos,everalda.santos@example.com,1426341312,https://randomuser.me/api/portraits/thumb/women/75.jpg,2015-10-04 06:42:17,1,Tickets,$04.50
awa bremmers,awa.bremmers@example.com,1344847238,https://randomuser.me/api/portraits/thumb/women/12.jpg,2015-10-15 22:56:42,4,Tickets,$47.16
signe jensen,signe.jensen@example.com,1162611035,https://randomuser.me/api/portraits/thumb/women/96.jpg,2015-09-23 00:18:55,6,Tickets,$6.88
tara schön,tara.schön@example.com,1130829868,https://randomuser.me/api/portraits/thumb/women/59.jpg,2016-03-20 01:52:39,8,Tickets,$99.86
آوین جعفری,آوین.جعفری@example.com,1326250913,https://randomuser.me/api/portraits/thumb/women/65.jpg,2015-10-23 21:38:19,9,Tickets,$417.69
ella petersen,ella.petersen@example.com,1107175884,https://randomuser.me/api/portraits/thumb/women/64.jpg,2016-05-12 18:52:44,9,Tickets,$722.81
arturo flores,arturo.flores@example.com,1361663509,https://randomuser.me/api/portraits/thumb/men/76.jpg,2015-09-17 16:46:37,4,Tickets,$616.18
lauren walters,lauren.walters@example.com,1329268341,https://randomuser.me/api/portraits/thumb/women/69.jpg,2016-03-06 17:37:33,8,Tickets,$458.16
آرش قاسمی,آرش.قاسمی@example.com,1382282820,https://randomuser.me/api/portraits/thumb/men/43.jpg,2015-08-24 07:21:53,8,Tickets,$222.45
alvaro muñoz,alvaro.muñoz@example.com,1316751208,https://randomuser.me/api/portraits/thumb/men/89.jpg,2016-03-23 16:02:23,6,Tickets,$159.14
susana nieto,susana.nieto@example.com,1327125039,https://randomuser.me/api/portraits/thumb/women/42.jpg,2016-05-17 07:39:57,5,Tickets,$653.72
isildo ferreira,isildo.ferreira@example.com,1328990246,https://randomuser.me/api/portraits/thumb/men/73.jpg,2016-03-20 17:14:50,4,Tickets,$196.53
olivia møller,olivia.møller@example.com,1424409056,https://randomuser.me/api/portraits/thumb/women/94.jpg,2015-07-10 15:50:19,6,Tickets,$433.16
scarlett walker,scarlett.walker@example.com,1282828029,https://randomuser.me/api/portraits/thumb/women/13.jpg,2016-03-11 22:42:34,1,Tickets,$795.85
ana benitez,ana.benitez@example.com,1217821314,https://randomuser.me/api/portraits/thumb/women/66.jpg,2016-06-11 04:59:31,7,Tickets,$31.75
allie boyd,allie.boyd@example.com,1133736826,https://randomuser.me/api/portraits/thumb/women/6.jpg,2016-01-03 10:57:58,4,Tickets,$425.90
beatrice thomas,beatrice.thomas@example.com,918356087,https://randomuser.me/api/portraits/thumb/women/28.jpg,2016-03-23 19:02:05,4,Tickets,$33.67
yasemin mayhoş,yasemin.mayhoş@example.com,1236870136,https://randomuser.me/api/portraits/thumb/women/13.jpg,2015-11-23 21:17:57,4,Tickets,$228.46
karla vetter,karla.vetter@example.com,1394570883,https://randomuser.me/api/portraits/thumb/women/29.jpg,2015-10-24 13:38:09,5,Tickets,$75.17
rita hale,rita.hale@example.com,1274976345,https://randomuser.me/api/portraits/thumb/women/22.jpg,2015-07-19 05:53:20,4,Tickets,$86.82
caroline christensen,caroline.christensen@example.com,1409783304,https://randomuser.me/api/portraits/thumb/women/59.jpg,2015-08-03 05:14:24,4,Tickets,$9.82
lynn rogers,lynn.rogers@example.com,1141026413,https://randomuser.me/api/portraits/thumb/women/52.jpg,2015-07-02 11:54:34,5,Tickets,$704.22
emilia tuominen,emilia.tuominen@example.com,998850933,https://randomuser.me/api/portraits/thumb/women/45.jpg,2016-03-26 14:39:40,6,Tickets,$334.09
charles dunne,charles.dunne@example.com,1396848642,https://randomuser.me/api/portraits/thumb/men/10.jpg,2016-02-22 05:01:58,8,Clothes,$34.95
addison chan,addison.chan@example.com,967381594,https://randomuser.me/api/portraits/thumb/women/2.jpg,2016-02-24 15:07:49,6,Clothes,$315.93
الینا یاسمی,الینا.یاسمی@example.com,1413804512,https://randomuser.me/api/portraits/thumb/women/47.jpg,2015-09-09 14:30:25,2,Clothes,$41.64
babür tahincioğlu,babür.tahincioğlu@example.com,1285701570,https://randomuser.me/api/portraits/thumb/men/44.jpg,2015-07-07 08:34:04,4,Clothes,$191.78
الینا کوتی,الینا.کوتی@example.com,1296447029,https://randomuser.me/api/portraits/thumb/women/72.jpg,2016-04-17 14:08:56,8,Clothes,$385.08
melike kocabıyık,melike.kocabıyık@example.com,1413939852,https://randomuser.me/api/portraits/thumb/women/48.jpg,2016-02-04 06:19:42,8,Clothes,$710.39
